"0","#load packages"
"0","#default"
"0","library(DataExplorer);library(data.table);library(dlookr)"
"0","library(extrafont);library(formattable);library(GGally);library(here)"
"0","library(janitor);library(lubridate);library(naniar)"
"0","library(patchwork);library(PerformanceAnalytics)"
"0","library(plotly);library(RColorBrewer);library(readxl)"
"0","library(skimr);library(tidyverse);library(scales)"
"0","#rmarkdown"
"0","library(kableExtra)"
"0","#ml"
"0","library(caret);library(tidymodels);library(h2o);library(glmnet)"
